week,avg_users,sales_growth_rate,week_start
2023-W21,328.0,-0.003,2023-05-22
2023-W22,280.0,0.088,2023-05-29
2023-W23,130.0,0.073,2023-06-05
2023-W24,291.0,0.077,2023-06-12
2023-W25,200.0,-0.003,2023-06-19
2023-W26,135.0,0.08,2023-06-26
2023-W27,171.0,-0.015,2023-07-03
2023-W28,125.0,0.058,2023-07-10
2023-W29,305.0,0.002,2023-07-17
2023-W30,346.0,0.095,2023-07-24
2023-W31,313.0,-0.03,2023-07-31
2023-W32,375.0,0.05,2023-08-07
2023-W33,307.0,0.027,2023-08-14
2023-W34,306.0,0.02,2023-08-21
2023-W35,309.0,0.099,2023-08-28
2023-W36,393.0,0.087,2023-09-04
2023-W37,126.0,0.062,2023-09-11
2023-W38,150.0,0.007,2023-09-18
2023-W39,271.0,0.077,2023-09-25
2023-W40,298.0,0.082,2023-10-02
